{
  "process": "Company Incorporation",
  "documents_uploaded": 1,
  "required_documents": 5,
  "missing_documents": [
    "Memorandum of Association",
    "UBO Declaration Form",
    "Incorporation Application Form",
    "Register of Members and Directors"
  ],
  "issues_found": [
    {
      "document": "Templates_SHReso_AmendmentArticles-v1-20220107.docx",
      "label": "Missing signature block",
      "section": "Not found (required content missing)",
      "issue": "Matched pattern: signature",
      "severity": "High",
      "suggestion": "Add a signature block and dated signature."
    }
  ]
}